<?xml version="1.0" encoding="UTF-8"?>
<!DOCTYPE fontscolors PUBLIC "-//NetBeans//DTD Editor Fonts and Colors settings 1.1//EN" "http://www.netbeans.org/dtds/EditorFontsColors-1_1.dtd">
<fontscolors>
    <fontcolor bgColor="ff523939" name="error"/>
    <fontcolor foreColor="ff8aa6c1" name="char"/>
    <fontcolor foreColor="ffdfc47d" name="keyword">
        <font style="bold"/>
    </fontcolor>
    <fontcolor name="whitespace"/>
    <fontcolor foreColor="ff8cd0d3" name="number"/>
    <fontcolor default="keyword" name="markup-element"/>
    <fontcolor foreColor="ffdfc47d" name="operator"/>
    <fontcolor name="url"/>
    <fontcolor default="identifier" name="field"/>
    <fontcolor bgColor="darkGray" foreColor="white" name="default">
        <font name="Consolas" size="14" style="plain"/>
    </fontcolor>
    <fontcolor foreColor="ffcc9393" name="string"/>
    <fontcolor default="string" name="markup-attribute-value"/>
    <fontcolor default="default" foreColor="magenta" name="entity-reference"/>
    <fontcolor default="identifier" foreColor="white" name="method"/>
    <fontcolor foreColor="ff6a9f7f" name="comment">
        <font style="italic"/>
    </fontcolor>
    <fontcolor foreColor="ffdcdccc" name="identifier"/>
    <fontcolor name="warning"/>
    <fontcolor foreColor="ff9f9d6d" name="separator"/>
    <fontcolor default="field" foreColor="white" name="markup-attribute"/>
</fontscolors>
